{
  "Total" : {
    "transaction" : "Total",
    "sampleCount" : 600000,
    "errorCount" : 0,
    "errorPct" : 0.0,
    "meanResTime" : 12.779040000000403,
    "medianResTime" : 7.0,
    "minResTime" : 0.0,
    "maxResTime" : 1128.0,
    "pct1ResTime" : 14.0,
    "pct2ResTime" : 17.0,
    "pct3ResTime" : 23.0,
    "throughput" : 14545.101936922742,
    "receivedKBytesPerSec" : 16117.64904184141,
    "sentKBytesPerSec" : 2045.4049598797606
  },
  "HTTP Request" : {
    "transaction" : "HTTP Request",
    "sampleCount" : 600000,
    "errorCount" : 0,
    "errorPct" : 0.0,
    "meanResTime" : 12.779040000000403,
    "medianResTime" : 7.0,
    "minResTime" : 0.0,
    "maxResTime" : 1128.0,
    "pct1ResTime" : 14.0,
    "pct2ResTime" : 17.0,
    "pct3ResTime" : 23.0,
    "throughput" : 14545.101936922742,
    "receivedKBytesPerSec" : 16117.64904184141,
    "sentKBytesPerSec" : 2045.4049598797606
  }
}