{
  "Total" : {
    "transaction" : "Total",
    "sampleCount" : 600000,
    "errorCount" : 0,
    "errorPct" : 0.0,
    "meanResTime" : 11.984829999999832,
    "medianResTime" : 7.0,
    "minResTime" : 0.0,
    "maxResTime" : 770.0,
    "pct1ResTime" : 13.0,
    "pct2ResTime" : 17.0,
    "pct3ResTime" : 22.0,
    "throughput" : 15479.07744698416,
    "receivedKBytesPerSec" : 17152.60153307363,
    "sentKBytesPerSec" : 2176.7452659821474
  },
  "HTTP Request" : {
    "transaction" : "HTTP Request",
    "sampleCount" : 600000,
    "errorCount" : 0,
    "errorPct" : 0.0,
    "meanResTime" : 11.984829999999832,
    "medianResTime" : 7.0,
    "minResTime" : 0.0,
    "maxResTime" : 770.0,
    "pct1ResTime" : 13.0,
    "pct2ResTime" : 17.0,
    "pct3ResTime" : 22.0,
    "throughput" : 15479.07744698416,
    "receivedKBytesPerSec" : 17152.60153307363,
    "sentKBytesPerSec" : 2176.7452659821474
  }
}