{
  "Total" : {
    "transaction" : "Total",
    "sampleCount" : 600000,
    "errorCount" : 0,
    "errorPct" : 0.0,
    "meanResTime" : 30.38081333333427,
    "medianResTime" : 3.0,
    "minResTime" : 0.0,
    "maxResTime" : 973.0,
    "pct1ResTime" : 41.0,
    "pct2ResTime" : 60.0,
    "pct3ResTime" : 108.0,
    "throughput" : 6304.242755374367,
    "receivedKBytesPerSec" : 6985.827438428562,
    "sentKBytesPerSec" : 886.5341374745203
  },
  "HTTP Request" : {
    "transaction" : "HTTP Request",
    "sampleCount" : 600000,
    "errorCount" : 0,
    "errorPct" : 0.0,
    "meanResTime" : 30.38081333333427,
    "medianResTime" : 3.0,
    "minResTime" : 0.0,
    "maxResTime" : 973.0,
    "pct1ResTime" : 41.0,
    "pct2ResTime" : 60.0,
    "pct3ResTime" : 108.0,
    "throughput" : 6304.242755374367,
    "receivedKBytesPerSec" : 6985.827438428562,
    "sentKBytesPerSec" : 886.5341374745203
  }
}